self,,,,,,,
aiA,Borys Lang,Attack Helicopter,manymagpie,moonmoth,user,,
0,1,0,0,0,Borys Lang,,
1,0.288293014,0.711706986,0,0,Attack Helicopter,,
2,0.670025805,0.329974195,0,0,Borys Lang,,
3,0.234384756,0.765615244,0,0,Attack Helicopter,,
4,0.710523365,0.289476635,0,0,Borys Lang,,
5,0.156677058,0.384921024,0.458401918,0,manymagpie,,
6,0.288713625,0.535753452,0.175532923,0,Attack Helicopter,,
7,0.447704837,0.397874029,0.154421134,0,Borys Lang,,
8,0.20726976,0.455065712,0.337664528,0,Attack Helicopter,,
9,0.35907288,0.450348709,0.190578411,0,Borys Lang,,
10,0.26823254,0.552654284,0.179113176,0,Attack Helicopter,,
11,0.152915797,0.337532614,0.509551589,0,manymagpie,,
12,0.310061344,0.219840218,0.470098438,0,manymagpie,,
13,0.668084287,0.197334825,0.134580888,0,Borys Lang,,
14,0.109041399,0.277820387,0.613138214,0,manymagpie,,
15,0.502822182,0.363352942,0.133824876,0,Borys Lang,,
16,0.197630686,0.36234761,0.440021704,0,manymagpie,,
17,0.421407727,0.307207941,0.271384332,0,Borys Lang,,
18,0.151233664,0.718305498,0.130460838,0,Attack Helicopter,,
19,0.391489681,0.104734257,0.503776062,0,manymagpie,,
20,0.236968554,0.572822498,0.190208949,0,Attack Helicopter,,
21,0.407472966,0.161043713,0.431483321,0,Borys Lang,,
22,0.193623192,0.111055381,0.260631157,0.43469027,moonmoth,,
23,0.316072103,0.354924857,0.200700027,0.128303013,Attack Helicopter,,
24,0.221935549,0.402166988,0.290447511,0.085449952,manymagpie,,
25,0.193528731,0.333041698,0.374590854,0.098838717,manymagpie,,
26,0.185688248,0.409962911,0.140778471,0.26357037,Attack Helicopter,,
27,0.302513545,0.141017897,0.071114435,0.485354124,Borys Lang,,
28,0.082122894,0.305924606,0.517422769,0.094529731,Attack Helicopter,,
29,0.210336188,0.114964552,0.329352872,0.345346388,manymagpie,,
30,0.101424966,0.67022392,0.119708544,0.10864257,Attack Helicopter,,
31,0.102525928,0.66790708,0.119991118,0.109575874,Attack Helicopter,,
32,0.315929755,0.047943142,0.345423693,0.29070341,manymagpie,,
33,0.183423739,0.127281007,0.169020746,0.520274508,moonmoth,,
34,0.170731785,0.381993419,0.347029197,0.1002456,Attack Helicopter,,
35,0.110814076,0.479872645,0.103966237,0.305347042,Attack Helicopter,,
36,0.156092388,0.432316685,0.188926541,0.222664386,Attack Helicopter,,
37,0.095349916,0.293409844,0.093685982,0.517554258,Attack Helicopter,,
38,0.111544291,0.460158739,0.103690851,0.324606119,Attack Helicopter,,
39,0.103179246,0.365941917,0.094897813,0.435981024,Attack Helicopter,,
40,0.10008216,0.375409807,0.096332739,0.428175293,moonmoth,,
41,0.71936371,0.080233728,0.122249568,0.078152995,Borys Lang,,
42,0.06256189,0.250953721,0.501794448,0.184689941,manymagpie,,
43,0.534818106,0.16365565,0.109995195,0.191531049,Borys Lang,,
44,0.096131378,0.407394052,0.280843423,0.215631147,Attack Helicopter,,
45,0.543787267,0.157335659,0.188254822,0.110622252,Borys Lang,,
46,0.272745335,0.178948907,0.439402534,0.108903224,manymagpie,,
47,0.058199275,0.294137332,0.073652686,0.574010707,Attack Helicopter,,
48,0.392709667,0.25902043,0.128413814,0.219856089,Borys Lang,,
49,0.221079767,0.154826522,0.465464736,0.158628975,manymagpie,,
50,0.156648605,0.535794627,0.103484196,0.204072571,Attack Helicopter,,
51,0.316740827,0.066251122,0.48431612,0.132691931,Borys Lang,,
52,0.326894904,0.078690461,0.464568942,0.129845694,manymagpie,,
53,0.308993977,0.345321525,0.140776197,0.204908301,Attack Helicopter,,
54,0.233853221,0.317269354,0.2871091,0.161768326,manymagpie,,
55,0.339997069,0.159952531,0.154906849,0.345143551,Borys Lang,,
56,0.134192151,0.291786506,0.429666208,0.144355134,manymagpie,,
57,0.327783426,0.334302321,0.204498311,0.133415942,Borys Lang,,
58,0.279089941,0.42945643,0.139627496,0.151826133,Borys Lang,,
59,0.356685752,0.303529465,0.197539901,0.142244882,Borys Lang,,
60,0.141951575,0.640002543,0.116680111,0.101365771,Attack Helicopter,,
61,0.378204486,0.099005091,0.401297517,0.121492906,manymagpie,,
62,0.116572657,0.581782991,0.099085351,0.202559002,Attack Helicopter,,
63,0.417966731,0.107498189,0.172558023,0.301977057,Borys Lang,,
64,0.216651021,0.340587221,0.308984099,0.133777659,Attack Helicopter,,
65,0.271799545,0.289510763,0.083245621,0.355444072,Attack Helicopter,,
66,0.291225707,0.182177446,0.18764578,0.338951067,moonmoth,,
67,0.199680772,0.13000676,0.339410769,0.330901699,manymagpie,,
68,0.177319497,0.558231062,0.120641278,0.143808163,Attack Helicopter,,
69,0.42159515,0.172460077,0.165999156,0.239945617,Borys Lang,,
70,0.331477829,0.078787688,0.305919616,0.283814867,Borys Lang,,
71,0.35104736,0.274481635,0.20566349,0.168807514,Attack Helicopter,,
children_devicesA,Attack Helicopter,Borys Lang,manymagpie,moonmoth,user,,
0,1,0,0,0,Attack Helicopter,,
1,0.135617931,0.864382069,0,0,Borys Lang,,
2,0.175422142,0.824577858,0,0,Borys Lang,,
3,0.473969846,0.104269019,0.421761135,0,manymagpie,,
4,0.568544294,0.149590075,0.281865631,0,Attack Helicopter,,
5,0.185019207,0.120765349,0.694215444,0,manymagpie,,
6,0.172869199,0.721555805,0.105574996,0,Borys Lang,,
7,0.33841908,0.519059758,0.142521162,0,Borys Lang,,
8,0.174333927,0.178858563,0.088917879,0.557889632,moonmoth,,
9,0.254705478,0.59386241,0.068468252,0.08296386,Attack Helicopter,,
10,0.139786651,0.576806694,0.078166786,0.205239869,Borys Lang,,
11,0.232072362,0.485552893,0.09095652,0.191418225,Borys Lang,,
12,0.138822905,0.124220908,0.506969862,0.229986325,manymagpie,,
13,0.095947849,0.372551941,0.138609789,0.392890421,Borys Lang,,
14,0.113687646,0.391752031,0.2445778,0.249982523,Borys Lang,,
15,0.394486617,0.124001314,0.352299803,0.129212266,manymagpie,,
16,0.163176376,0.161409893,0.157408923,0.518004808,moonmoth,,
17,0.114015409,0.421869872,0.118897065,0.345217654,Borys Lang,,
18,0.090401014,0.227411698,0.475099911,0.207087376,manymagpie,,
19,0.219093794,0.453640188,0.104440922,0.222825095,Borys Lang,,
20,0.541699581,0.217586112,0.094194832,0.146519475,Attack Helicopter,,
21,0.116634568,0.493619182,0.144752101,0.244994149,Borys Lang,,
22,0.478155905,0.153581753,0.140785526,0.227476816,Attack Helicopter,,
23,0.402352858,0.094499145,0.353414793,0.149733204,manymagpie,,
24,0.144786589,0.518950788,0.177813445,0.158449178,Borys Lang,,
25,0.629762232,0.096114395,0.141504282,0.132619092,Attack Helicopter,,
26,0.266809324,0.477059449,0.131039037,0.12509219,Borys Lang,,
27,0.498143583,0.265883483,0.125413689,0.110559245,Attack Helicopter,,
28,0.415962132,0.40520131,0.091665743,0.087170815,Attack Helicopter,,
29,0.131563466,0.194877583,0.434544222,0.239014729,manymagpie,,
30,0.15439485,0.239482654,0.439279719,0.166842776,manymagpie,,
31,0.307599877,0.412979854,0.17848914,0.10093113,Borys Lang,,
32,0.097759392,0.368041083,0.271221022,0.262978503,Borys Lang,,
33,0.406216286,0.177818009,0.303102997,0.112862707,Attack Helicopter,,
34,0.215802264,0.128993907,0.155450485,0.499753344,moonmoth,,
35,0.334362837,0.365657938,0.1492551,0.150724124,Borys Lang,,
36,0.582315468,0.178676143,0.130385614,0.108622775,Attack Helicopter,,
37,0.533885021,0.129768762,0.207231202,0.129115015,Attack Helicopter,,
38,0.122731303,0.440222371,0.311427908,0.125618418,Borys Lang,,
39,0.101882025,0.085983701,0.693140064,0.11899421,manymagpie,,
40,0.6256393,0.193595941,0.062784145,0.117980614,Attack Helicopter,,
41,0.117413018,0.291462926,0.426572364,0.164551692,manymagpie,,
42,0.373352255,0.17968013,0.29411759,0.152850026,Attack Helicopter,,
43,0.124926345,0.668783537,0.109281281,0.097008837,Borys Lang,,
44,0.165925853,0.432949509,0.287294664,0.113829974,Borys Lang,,
45,0.183372813,0.124871127,0.490815729,0.200940331,manymagpie,,
46,0.561730427,0.14620578,0.16579056,0.126273233,Attack Helicopter,,
47,0.121922854,0.42363154,0.263391056,0.19105455,Borys Lang,,
48,0.488587244,0.212397066,0.134291768,0.164723921,Attack Helicopter,,
49,0.171165541,0.205490414,0.48127567,0.142068375,manymagpie,,
50,0.483417661,0.208198269,0.192750953,0.115633117,Attack Helicopter,,
51,0.244505407,0.190991179,0.439967269,0.124536145,manymagpie,,
52,0.475945944,0.19601693,0.173235998,0.154801128,Attack Helicopter,,
53,0.352156524,0.128804841,0.40651728,0.112521355,manymagpie,,
54,0.088436601,0.73264791,0.092208882,0.086706607,Borys Lang,,
55,0.519410313,0.05612267,0.269896496,0.154570521,Attack Helicopter,,
56,0.395560816,0.042278186,0.403501652,0.158659345,manymagpie,,
57,0.418177731,0.043880055,0.416862107,0.121080107,Attack Helicopter,,
58,0.459367557,0.043811021,0.362801721,0.134019701,Attack Helicopter,,
59,0.503958388,0.049719968,0.303122951,0.143198693,Attack Helicopter,,
60,0.133392772,0.435760439,0.267969844,0.162876944,Borys Lang,,
61,0.358583624,0.339697136,0.205840149,0.095879091,Borys Lang,,
62,0.225238023,0.331414346,0.327783958,0.115563672,manymagpie,,
63,0.347756435,0.197164037,0.322348954,0.132730575,Attack Helicopter,,
64,0.223675606,0.137696136,0.486053314,0.152574943,manymagpie,,
65,0.278886717,0.409335082,0.190850708,0.120927494,Borys Lang,,
66,0.333474491,0.176852833,0.404391376,0.0852813,Attack Helicopter,,
67,0.178707961,0.423166247,0.26207317,0.136052622,Borys Lang,,
68,0.185266074,0.48611995,0.172942554,0.155671422,Borys Lang,,
69,0.474841505,0.174532372,0.242723906,0.107902217,Attack Helicopter,,
70,0.134609043,0.28135649,0.111216856,0.472817611,moonmoth,,
71,0.26559952,0.164506844,0.45487243,0.115021207,manymagpie,,
72,0.2836683,0.171954112,0.068638496,0.475739092,Attack Helicopter,,
73,0.247068425,0.544837395,0.090249558,0.117844623,Attack Helicopter,,
74,0.302553713,0.26210281,0.326795691,0.108547787,manymagpie,,
75,0.192544194,0.487750438,0.205761191,0.113944177,Borys Lang,,
76,0.143616784,0.084830441,0.508200169,0.263352607,manymagpie,,
77,0.489137567,0.115790415,0.278373093,0.116698925,manymagpie,,
78,0.382457418,0.093470751,0.19816905,0.325902781,Attack Helicopter,,
79,0.299931581,0.280942407,0.176227573,0.242898439,Borys Lang,,
80,0.136219187,0.159734466,0.570490657,0.133555691,manymagpie,,
81,0.16172448,0.166718201,0.539540598,0.132016721,manymagpie,,
82,0.176355571,0.501859572,0.190054834,0.131730023,Borys Lang,,
83,0.357470913,0.105380258,0.088141245,0.449007583,Attack Helicopter,,
84,0.383948967,0.088789959,0.28942199,0.237839083,manymagpie,,
85,0.454219325,0.13189722,0.207770107,0.206113348,Attack Helicopter,,
86,0.303413574,0.377034019,0.172152804,0.147399602,Borys Lang,,
87,0.218404614,0.171356078,0.272598308,0.337641,moonmoth,,
88,0.316725619,0.37092649,0.127196145,0.185151747,Borys Lang,,
89,0.167786614,0.117443783,0.295886041,0.418883561,manymagpie,,
90,0.141545744,0.114484075,0.216064465,0.527905716,moonmoth,,
91,0.303127533,0.098388017,0.448137299,0.150347151,Attack Helicopter,,
92,0.168993402,0.513887587,0.207672367,0.109446644,Borys Lang,,
93,0.129068827,0.425862426,0.366657406,0.078411341,manymagpie,,
94,0.093745897,0.69156024,0.137884252,0.076809611,Borys Lang,,
95,0.23442827,0.097169796,0.536140643,0.132261291,manymagpie,,
96,0.234320599,0.344089514,0.32081967,0.100770216,Borys Lang,,
97,0.256044493,0.150222257,0.114989686,0.478743564,moonmoth,,
98,0.248784022,0.379718701,0.250995909,0.120501368,Borys Lang,,
ketchup_vs_mustardA,Attack Helicopter,Borys Lang,manymagpie,moonmoth,user,,
0,1,0,0,0,Attack Helicopter,,
1,1,0,0,0,Attack Helicopter,,
2,0.123691009,0.876308991,0,0,Borys Lang,,
3,0.866435162,0.133564838,0,0,Attack Helicopter,,
4,0.198994116,0.180726921,0.620278963,0,manymagpie,,
5,0.120426216,0.596846962,0.282726822,0,Borys Lang,,
6,0.416902079,0.30806582,0.275032102,0,Attack Helicopter,,
7,0.232334448,0.171946266,0.595719286,0,manymagpie,,
8,0.213533512,0.345118681,0.441347807,0,manymagpie,,
9,0.15603186,0.475720138,0.368248001,0,Borys Lang,,
10,0.444490693,0.114667782,0.440841525,0,manymagpie,,
11,0.122610159,0.429266391,0.095723335,0.352400115,moonmoth,,
12,0.668018045,0.069002273,0.196747976,0.066231707,manymagpie,,
13,0.216316501,0.228587718,0.345935939,0.209159843,manymagpie,,
14,0.375947968,0.169461564,0.309365812,0.145224656,Attack Helicopter,,
15,0.304377225,0.377180604,0.185135589,0.133306582,Borys Lang,,
16,0.287706902,0.176756245,0.413995523,0.12154133,manymagpie,,
17,0.362254633,0.235565773,0.239277223,0.16290237,Attack Helicopter,,
18,0.249879773,0.179800867,0.352952066,0.217367294,manymagpie,,
19,0.271595305,0.165471352,0.435708417,0.127224927,manymagpie,,
20,0.603446866,0.114025509,0.187234684,0.09529294,Attack Helicopter,,
21,0.078053759,0.663638254,0.115864072,0.142443914,Borys Lang,,
22,0.340667549,0.056337375,0.513679831,0.089315244,Attack Helicopter,,
23,0.15544867,0.455316725,0.168078962,0.221155642,Borys Lang,,
24,0.10908719,0.277282511,0.113613005,0.500017294,moonmoth,,
25,0.126081808,0.478978811,0.13116595,0.263773431,Borys Lang,,
26,0.445863683,0.181690712,0.19669627,0.175749336,Attack Helicopter,,
27,0.481513746,0.102993961,0.330313345,0.085178948,Attack Helicopter,,
28,0.404484407,0.061251081,0.229376242,0.304888269,moonmoth,,
29,0.153779744,0.343409176,0.331114761,0.171696318,Borys Lang,,
30,0.250057069,0.224571112,0.358965523,0.166406295,Attack Helicopter,,
31,0.182324811,0.232536961,0.458595991,0.126542238,manymagpie,,
32,0.267597628,0.329226472,0.262523359,0.140652541,manymagpie,,
33,0.131235696,0.614425037,0.144612738,0.109726529,Borys Lang,,
34,0.397077262,0.069273881,0.330151488,0.203497369,manymagpie,,
35,0.179053353,0.300913091,0.136162451,0.383871105,Borys Lang,,
36,0.12603428,0.369689412,0.221439352,0.282836956,manymagpie,,
37,0.120931956,0.231231408,0.389147967,0.258688669,Borys Lang,,
38,0.276629341,0.420040764,0.149210538,0.154119357,Borys Lang,,
39,0.163879941,0.586392014,0.121000539,0.128727505,Borys Lang,,
40,0.227032093,0.05473661,0.445702499,0.272528799,moonmoth,,
41,0.482057713,0.245914753,0.129005506,0.143022029,Attack Helicopter,,
42,0.275060956,0.167656866,0.404005554,0.153276625,manymagpie,,
43,0.201199761,0.380921147,0.33846978,0.079409312,manymagpie,,
44,0.438340157,0.110440356,0.13423458,0.316984907,Attack Helicopter,,
45,0.314011761,0.072896334,0.086516332,0.526575573,Attack Helicopter,,
46,0.096350771,0.616683551,0.197037583,0.089928096,Borys Lang,,
47,0.430152018,0.127378992,0.336634923,0.105834067,Attack Helicopter,,
48,0.159718717,0.073543035,0.434615318,0.332122931,manymagpie,,
49,0.265795576,0.038586128,0.229805879,0.465812417,Attack Helicopter,,
50,0.162438947,0.535776905,0.125804497,0.17597965,Borys Lang,,
51,0.17562686,0.281609927,0.129441489,0.413321725,moonmoth,,
52,0.079045112,0.053269384,0.022681605,0.845003899,Attack Helicopter,,
53,0.216389205,0.362638607,0.193903762,0.227068427,Borys Lang,,
54,0.642613237,0.023220307,0.05317578,0.280990676,manymagpie,,
55,0.138801169,0.241444545,0.477715196,0.14203909,manymagpie,,
56,0.352582173,0.151196488,0.402005716,0.094215623,Attack Helicopter,,
57,0.461196882,0.155961005,0.094083436,0.288758676,Attack Helicopter,,
58,0.132575199,0.433272065,0.202599765,0.231552971,Borys Lang,,
59,0.265699476,0.490843963,0.109354217,0.134102344,Attack Helicopter,,
60,0.308887616,0.373803107,0.159402471,0.157906805,Attack Helicopter,,
make_your_bedA,Gary,Ursula,Mary,Bobby,Daisy,Alex,user
0,1,0,0,0,0,0,Gary
1,0.191453503,0.808546497,0,0,0,0,Ursula
2,0.278242969,0.187169695,0.534587336,0,0,0,Mary
3,0.63894115,0.144215158,0.216843692,0,0,0,Gary
4,0.08258577,0.355180465,0.134468256,0.427765509,0,0,Bobby
5,0.0930752,0.261713199,0.119380776,0.177065619,0.348765206,0,Daisy
6,0.157019942,0.327839502,0.263481338,0.102040739,0.149618479,0,Ursula
7,0.156602629,0.197514124,0.441186808,0.099311602,0.105384838,0,Mary
8,0.101102934,0.143023004,0.090578998,0.435331231,0.229963834,0,Bobby
9,0.284670182,0.154010356,0.427681662,0.060114371,0.07352343,0,Gary
10,0.094842067,0.121088465,0.095138323,0.535846672,0.153084472,0,Bobby
11,0.412874614,0.222012766,0.17565074,0.076426031,0.113035849,0,Gary
12,0.185409713,0.239951284,0.394679017,0.063902564,0.116057422,0,Mary
13,0.154252062,0.206145774,0.118815037,0.344540829,0.176246298,0,Bobby
14,0.147256048,0.206672672,0.418842278,0.115728353,0.11150065,0,Mary
15,0.207376449,0.403519696,0.087105764,0.19870773,0.103290361,0,Ursula
16,0.353069301,0.095330878,0.333348645,0.119543487,0.098707689,0,Gary
17,0.245004219,0.078748672,0.199768224,0.105151546,0.087440384,0.283886956,Alex
18,0.258620625,0.071134194,0.167267654,0.255553522,0.090747405,0.156676601,Bobby
19,0.116795063,0.107508746,0.105883933,0.341164263,0.162226628,0.166421367,Bobby
20,0.076145549,0.094678012,0.073342307,0.120658183,0.547215457,0.087960492,Daisy
21,0.279321116,0.076531006,0.288219316,0.113004074,0.039858687,0.203065801,Mary
22,0.404442006,0.074461031,0.178018354,0.081226661,0.031508474,0.230343474,Alex
23,0.248153349,0.072731801,0.355652284,0.09558403,0.044379594,0.183498944,Mary
24,0.094571786,0.108440382,0.078653709,0.5575044,0.062167967,0.098661756,Bobby
25,0.238474075,0.16008317,0.122183266,0.070764948,0.05124597,0.357248571,Alex
26,0.252636563,0.110274555,0.139226447,0.078106201,0.051722496,0.368033738,Alex
27,0.176920958,0.106455663,0.283481355,0.062105598,0.039579628,0.331456798,Mary
28,0.431332083,0.072754597,0.131593489,0.04324521,0.037094161,0.283980459,Alex
29,0.462004068,0.089352283,0.115955123,0.193863873,0.05978701,0.079037643,Gary
30,0.061205277,0.101006267,0.336778647,0.056947387,0.043776421,0.400286001,Mary
31,0.109680097,0.118281811,0.137259395,0.079265075,0.087537911,0.467975712,Alex
32,0.082864704,0.074729137,0.071741755,0.661751819,0.047652547,0.061260037,Bobby
33,0.381847148,0.094190496,0.289639414,0.036874009,0.051987329,0.145461604,Gary
34,0.218414042,0.353013223,0.213695281,0.039165756,0.046071861,0.129639836,Ursula
35,0.260347603,0.202381351,0.338300297,0.0349484,0.047940375,0.116081974,Mary
36,0.248283258,0.267984356,0.302764722,0.032246286,0.041520626,0.107200751,Mary
37,0.076187911,0.073149383,0.082284995,0.580185945,0.107945376,0.080246389,Bobby
38,0.130469859,0.131646083,0.181273875,0.080756184,0.067906923,0.407947076,Alex
39,0.114919466,0.099413245,0.123905929,0.078027833,0.382116729,0.201616798,Daisy
40,0.315320046,0.266561237,0.177645922,0.040455357,0.092897834,0.107119603,Gary
41,0.085477839,0.076468793,0.082564295,0.508164265,0.149354055,0.097970753,Bobby
42,0.353449077,0.102655529,0.113165232,0.074929496,0.166686247,0.189114419,Gary
43,0.157137237,0.117213009,0.103152623,0.074914217,0.100425595,0.447157319,Alex
44,0.078515015,0.06730646,0.072243184,0.645369281,0.073842742,0.062723318,Bobby
45,0.102949941,0.289931211,0.375602051,0.037937473,0.113259035,0.080320289,Mary
46,0.241030369,0.296874331,0.096899611,0.031946899,0.242804764,0.090444026,Ursula
47,0.134682734,0.144776954,0.13574571,0.039487208,0.106477514,0.438829879,Alex
48,0.110254262,0.140484511,0.442116879,0.041715763,0.1333103,0.132118284,Mary
49,0.354397236,0.149250013,0.116538641,0.03619017,0.10262061,0.24100333,Gary
50,0.16917168,0.257779165,0.077777349,0.268491631,0.11771816,0.109062014,Bobby
51,0.16557487,0.129736463,0.174476536,0.142312844,0.101397938,0.286501348,Alex
52,0.139699332,0.105283048,0.296595641,0.116638252,0.090322112,0.251461616,Mary
53,0.155824486,0.088390266,0.10447541,0.104679518,0.428765253,0.117865068,Daisy
54,0.349621589,0.098150414,0.182793399,0.095666134,0.07607812,0.197690344,Gary
55,0.08881787,0.244304422,0.133780452,0.23797143,0.059615538,0.235510289,Ursula
56,0.097457976,0.173100829,0.152506871,0.373205287,0.065005939,0.138723099,Bobby
57,0.120222491,0.151851915,0.22845394,0.070606309,0.069264925,0.35960042,Mary
58,0.105351158,0.123407169,0.113551153,0.467393744,0.069680033,0.120616744,Bobby
59,0.082475815,0.323589831,0.208013439,0.048459419,0.059958082,0.277503414,Mary
60,0.082218889,0.213396763,0.355487392,0.054962414,0.069504332,0.224430211,Alex
61,0.111496487,0.200695667,0.15662903,0.319534469,0.060409978,0.151234368,Bobby
62,0.097306823,0.33807194,0.197362957,0.142547424,0.072686422,0.152024433,Ursula
63,0.233172482,0.088130347,0.359770195,0.091454575,0.101853266,0.125619136,Mary
64,0.272933487,0.107222067,0.142534299,0.273804249,0.064229196,0.139276702,Bobby
65,0.235450285,0.093029169,0.27404272,0.252233518,0.053521301,0.091723006,Mary
66,0.08676612,0.391264319,0.085917621,0.107054575,0.132236259,0.196761106,Ursula
67,0.082179355,0.201929155,0.082434379,0.384321481,0.083472437,0.165663192,Bobby
68,0.276366035,0.085999173,0.311863866,0.083648178,0.072771279,0.169351469,Mary
69,0.064202045,0.109538507,0.086564805,0.090251108,0.203238543,0.446204992,Daisy
70,0.053630262,0.161270999,0.066420282,0.323346475,0.132167135,0.263164848,Alex
71,0.282203156,0.08596404,0.328643926,0.087452436,0.133890888,0.081845555,Mary
72,0.07676318,0.214905696,0.09001866,0.375398392,0.124485653,0.118428419,Bobby
73,0.38779327,0.084500217,0.250901591,0.0811936,0.119396971,0.07621435,Gary
74,0.217781572,0.084620854,0.410908614,0.076153508,0.124240998,0.086294455,Mary
75,0.297529796,0.282424499,0.210320634,0.060647979,0.090328907,0.058748186,Ursula
76,0.084144087,0.096790054,0.089824063,0.305882538,0.252742354,0.170616905,Bobby
77,0.135083313,0.195768763,0.288702163,0.162345558,0.137076534,0.081023669,Mary
78,0.104450793,0.142713188,0.395730384,0.199124904,0.103095873,0.054884858,Bobby
79,0.082863664,0.103892267,0.223987743,0.354238045,0.077502268,0.157516013,Alex
80,0.082511283,0.094690522,0.130164805,0.120935907,0.456065921,0.115631561,Daisy
81,0.500779812,0.141434021,0.160914512,0.083297299,0.027432506,0.086141851,Mary
82,0.099088813,0.354384289,0.098773316,0.168085507,0.104990957,0.174677117,Ursula
83,0.10508275,0.224070106,0.10178,0.289666283,0.070092412,0.20930845,Bobby
84,0.170649638,0.10732848,0.244285169,0.157947863,0.050015085,0.269773764,Mary
85,0.181551915,0.105937795,0.17459279,0.122560249,0.080688178,0.334669072,Alex
86,0.113999708,0.123995921,0.160362323,0.273096067,0.079183761,0.24936222,Bobby
87,0.086601967,0.497944342,0.11304212,0.107573199,0.105931884,0.088906487,Ursula
88,0.085209616,0.151877389,0.112340338,0.412797759,0.140020687,0.097754211,Bobby
89,0.320147498,0.061077295,0.345047504,0.0669763,0.058839707,0.147911696,Mary
90,0.211136479,0.05621448,0.176278031,0.064618426,0.05912611,0.432626473,Alex
91,0.314998677,0.069544605,0.344299663,0.087515879,0.074939117,0.108702059,Mary
92,0.064771215,0.058089619,0.068508542,0.651679069,0.097791661,0.059159893,Bobby
93,0.164084327,0.108094884,0.442517568,0.050420494,0.140338786,0.094543941,Mary
94,0.127211075,0.096023225,0.154776331,0.048893281,0.130408648,0.44268744,Alex
95,0.435530822,0.118759085,0.213984714,0.04154947,0.091015882,0.099160027,Gary
96,0.146095209,0.122753409,0.141517036,0.381012,0.078046266,0.13057608,Bobby
97,0.085267556,0.16344695,0.081953758,0.143909793,0.429351561,0.096070383,Daisy
98,0.182515664,0.080747886,0.422888055,0.127435329,0.068404128,0.118008939,Mary
99,0.232502553,0.302352499,0.190510544,0.126907741,0.059716272,0.08801039,Ursula
100,0.096846717,0.109007107,0.085561425,0.382286085,0.180393364,0.145905301,Bobby
101,0.13973724,0.15667105,0.416666552,0.10390619,0.070820202,0.112198765,Mary
102,0.091344658,0.110361628,0.340218321,0.319202715,0.049391005,0.089481674,Bobby
103,0.110069938,0.158400235,0.233296971,0.319952769,0.057298307,0.12098178,Bobby
104,0.112271868,0.161010554,0.19883872,0.352911861,0.056649141,0.118317856,Bobby
105,0.12767402,0.277221718,0.111816002,0.305525915,0.058561714,0.119200631,Bobby
pineapple_on_pizzaA,Borys Lang,manymagpie,Attack Helicopter,moonmoth,user,,
0,1,0,0,0,Borys Lang,,
1,1,0,0,0,Borys Lang,,
2,0.139679269,0.860320731,0,0,manymagpie,,
3,0.15416123,0.84583877,0,0,manymagpie,,
4,0.192587967,0.807412033,0,0,manymagpie,,
5,0.374217816,0.155729467,0.470052717,0,Attack Helicopter,,
6,0.572802838,0.124727771,0.302469391,0,Borys Lang,,
7,0.075666344,0.447696871,0.122120673,0.354516112,moonmoth,,
8,0.095592341,0.442174012,0.144416277,0.317817371,manymagpie,,
9,0.432525089,0.152226435,0.123561712,0.291686764,Borys Lang,,
10,0.358750308,0.160237496,0.307020408,0.173991788,Borys Lang,,
11,0.345791461,0.276324113,0.281049599,0.096834827,manymagpie,,
12,0.317770896,0.104299113,0.093090343,0.484839647,Borys Lang,,
13,0.32179101,0.2814716,0.225577205,0.171160186,Borys Lang,,
14,0.354627361,0.244201767,0.307829939,0.093340932,manymagpie,,
15,0.183439454,0.33659897,0.384464943,0.095496633,manymagpie,,
16,0.142912022,0.357581525,0.408294386,0.091212068,Attack Helicopter,,
17,0.330794831,0.105022653,0.077612262,0.486570255,Borys Lang,,
18,0.216613186,0.411207537,0.115995589,0.256183688,manymagpie,,
19,0.208272333,0.25813253,0.350069503,0.183525635,Attack Helicopter,,
20,0.171779237,0.222757544,0.447775223,0.157687995,Attack Helicopter,,
21,0.516392349,0.139647812,0.111663946,0.232295893,Borys Lang,,
22,0.090076234,0.362256171,0.367834192,0.179833402,Attack Helicopter,,
23,0.298221957,0.2161162,0.177118046,0.308543797,Borys Lang,,
24,0.25728773,0.230400382,0.355686927,0.156624961,Attack Helicopter,,
25,0.310514214,0.169823826,0.336339937,0.183322023,Attack Helicopter,,
26,0.564537377,0.154480202,0.161173269,0.119809153,Borys Lang,,
27,0.278444895,0.159555776,0.307715611,0.254283717,Borys Lang,,
28,0.200659164,0.392099143,0.154756103,0.25248559,manymagpie,,
29,0.459300361,0.101900133,0.220344458,0.218455048,Attack Helicopter,,
30,0.31476852,0.185714535,0.293675724,0.205841221,Attack Helicopter,,
31,0.173772018,0.329913282,0.150855014,0.345459685,manymagpie,,
32,0.158742992,0.466400616,0.152041391,0.222815001,manymagpie,,
33,0.501824275,0.216614764,0.119404189,0.162156772,Borys Lang,,
34,0.454801283,0.152679663,0.160218737,0.232300316,Borys Lang,,
35,0.238061939,0.370842692,0.158228018,0.232867351,manymagpie,,
36,0.143267051,0.181343846,0.36873546,0.306653643,Attack Helicopter,,
37,0.252296933,0.414305828,0.157251642,0.176145597,manymagpie,,
38,0.117325928,0.12033461,0.608526819,0.153812644,Attack Helicopter,,
39,0.415437899,0.160835882,0.136706405,0.287019814,Borys Lang,,
40,0.170203472,0.389020922,0.08433165,0.356443956,manymagpie,,
41,0.321087433,0.138950724,0.368679796,0.171282047,Attack Helicopter,,
42,0.548483556,0.087209765,0.2064873,0.157819379,Attack Helicopter,,
43,0.151943987,0.308456222,0.173470394,0.366129397,manymagpie,,
44,0.192022599,0.124998509,0.5490056,0.133973292,Attack Helicopter,,
45,0.436957815,0.237184232,0.074520661,0.251337293,Borys Lang,,
46,0.431542222,0.187259029,0.177480669,0.203718079,Borys Lang,,
47,0.295199183,0.127222043,0.431058082,0.146520692,Attack Helicopter,,
48,0.227177572,0.183707074,0.318260264,0.270855091,Attack Helicopter,,
49,0.616048718,0.13649166,0.112522636,0.134936986,Borys Lang,,
50,0.699577821,0.101196195,0.097283201,0.101942783,Borys Lang,,
51,0.453672783,0.174965221,0.159427821,0.211934175,Borys Lang,,
52,0.125747106,0.184635813,0.46648441,0.223132671,Attack Helicopter,,
53,0.394696254,0.191283617,0.139086325,0.274933804,Borys Lang,,
54,0.320751968,0.161438098,0.274390546,0.243419388,Borys Lang,,
55,0.130659378,0.276191224,0.300461116,0.292688282,Attack Helicopter,,
56,0.21401615,0.200863406,0.283046768,0.302073677,Attack Helicopter,,
57,0.168760472,0.185380752,0.420040123,0.225818652,Attack Helicopter,,
58,0.168464228,0.213530719,0.308949482,0.309055572,Attack Helicopter,,
59,0.651486481,0.108335388,0.127957758,0.112220373,Borys Lang,,
60,0.055705522,0.224970013,0.349343394,0.369981072,Attack Helicopter,,
61,0.490560656,0.168518895,0.158345449,0.182575,Borys Lang,,
62,0.104207316,0.193027169,0.300033776,0.40273174,Attack Helicopter,,
63,0.079614782,0.28939229,0.316764165,0.314228763,manymagpie,,
64,0.098082305,0.266660279,0.453497965,0.181759451,Attack Helicopter,,
65,0.095820085,0.308843841,0.399850062,0.195486013,Attack Helicopter,,
66,0.55668157,0.148195055,0.112539151,0.182584224,Borys Lang,,
67,0.207301899,0.530446152,0.10422367,0.158028279,manymagpie,,
68,0.072864317,0.347755306,0.391123504,0.188256873,manymagpie,,
69,0.276756827,0.117921157,0.117606149,0.487715867,Borys Lang,,
70,0.356555504,0.068037518,0.166947873,0.408459104,Attack Helicopter,,
71,0.35616564,0.11511462,0.271659787,0.257059953,Borys Lang,,
72,0.137085248,0.374406125,0.239754162,0.248754465,manymagpie,,
73,0.150566174,0.604472676,0.121522747,0.123438403,manymagpie,,
74,0.304876615,0.054384335,0.273352121,0.367386929,Borys Lang,,
75,0.347438276,0.048098173,0.292968506,0.311495046,Attack Helicopter,,
76,0.184074192,0.305369242,0.351156083,0.159400482,manymagpie,,
77,0.285705287,0.17267136,0.280898642,0.260724711,Borys Lang,,
78,0.148729056,0.196647406,0.494823655,0.159799882,manymagpie,,
79,0.559186496,0.156008169,0.158480975,0.12632436,Borys Lang,,
80,0.082095929,0.580063753,0.150601871,0.187238447,manymagpie,,
81,0.13949643,0.393560763,0.290921436,0.176021371,manymagpie,,
82,0.30730672,0.359198272,0.210399253,0.123095755,Borys Lang,,
83,0.61099099,0.10459101,0.127772223,0.156645777,Borys Lang,,
84,0.094961782,0.332205372,0.181959483,0.390873362,manymagpie,,
85,0.385159872,0.12776278,0.309927066,0.177150282,Borys Lang,,
86,0.530749231,0.086926014,0.260736316,0.121588439,Attack Helicopter,,
87,0.170922807,0.295820091,0.192214243,0.341042859,manymagpie,,
88,0.353866041,0.160498682,0.362618895,0.123016381,Attack Helicopter,,
89,0.630807154,0.128707185,0.091729981,0.14875568,Borys Lang,,
aiB,knackerkitten,drasticmum,individual mind,Raspywoodchuck,user,,
0,1,0,0,0,knackerkitten,,
1,0.316624507,0.683375493,0,0,drasticmum,,
2,0.166799739,0.155129926,0.678070334,0,individual mind,,
3,0.102768463,0.10013995,0.20242984,0.594661747,Raspywoodchuck,,
4,0.434413266,0.127370095,0.303995048,0.134221591,knackerkitten,,
5,0.094852424,0.16701654,0.668969924,0.069161113,individual mind,,
6,0.523151775,0.331394616,0.045987279,0.09946633,drasticmum,,
7,0.253867153,0.372440897,0.304059524,0.069632425,individual mind,,
8,0.165117025,0.546434176,0.199284443,0.089164356,drasticmum,,
9,0.479981507,0.119671811,0.212022649,0.188324034,knackerkitten,,
10,0.137334492,0.552593487,0.219653129,0.090418892,drasticmum,,
11,0.099878608,0.33213281,0.49874428,0.069244302,individual mind,,
12,0.281318451,0.471885926,0.091229321,0.155566302,drasticmum,,
13,0.182917109,0.254799212,0.121273199,0.44101048,Raspywoodchuck,,
14,0.102013111,0.413877772,0.32009225,0.164016867,drasticmum,,
15,0.14229603,0.106655757,0.348723487,0.402324725,individual mind,,
16,0.340615768,0.207527353,0.175289523,0.276567356,knackerkitten,,
17,0.299140696,0.242938472,0.134565303,0.323355528,Raspywoodchuck,,
18,0.150042065,0.289308373,0.350675903,0.20997366,individual mind,,
19,0.208984454,0.141370592,0.115659999,0.533984955,Raspywoodchuck,,
20,0.19216866,0.132312062,0.463253505,0.212265772,individual mind,,
21,0.388276952,0.351233754,0.13226077,0.128228523,knackerkitten,,
22,0.227956662,0.17173902,0.432353682,0.167950636,individual mind,,
23,0.35807575,0.290102345,0.275814164,0.076007741,individual mind,,
24,0.105070764,0.637408722,0.114784669,0.142735845,Raspywoodchuck,,
25,0.51422724,0.148105117,0.187096568,0.150571075,knackerkitten,,
26,0.079727033,0.779556327,0.072215872,0.068500768,drasticmum,,
27,0.577556641,0.065498062,0.198906078,0.15803922,knackerkitten,,
28,0.087195117,0.47404413,0.191274346,0.247486407,drasticmum,,
29,0.327458448,0.075907113,0.498016738,0.0986177,individual mind,,
30,0.371972637,0.37088576,0.141407431,0.115734172,drasticmum,,
31,0.168435778,0.322354062,0.359621066,0.149589094,individual mind,,
32,0.174850805,0.330976365,0.353990887,0.140181943,drasticmum,,
33,0.091347945,0.132161262,0.494452632,0.28203816,individual mind,,
34,0.067061074,0.090909453,0.423242105,0.418787368,Raspywoodchuck,,
35,0.734778603,0.118125591,0.076612264,0.070483543,knackerkitten,,
36,0.002953075,0.007051798,0.031603578,0.958391549,individual mind,,
37,0.003589526,0.039730809,0.385168141,0.571511523,drasticmum,,
38,0.114473288,0.639633578,0.123324375,0.122568759,drasticmum,,
39,0.025089644,0.004271617,0.415146553,0.555492186,knackerkitten,,
40,0.250119818,0.097319991,0.40123104,0.251329151,individual mind,,
41,0.127771606,0.030306024,0.765466641,0.076455729,knackerkitten,,
42,0.244059901,0.399872932,0.229206862,0.126860305,drasticmum,,
43,0.428922059,0.06894093,0.344958263,0.157178748,Raspywoodchuck,,
children_devicesB,drasticmum,knackerkitten,Raspywoodchuck,user,,,
0,1,0,0,drasticmum,,,
1,1,0,0,drasticmum,,,
2,0.260398152,0.739601848,0,knackerkitten,,,
3,0.218546476,0.138039796,0.643413728,Raspywoodchuck,,,
4,0.461195437,0.438048892,0.100755671,drasticmum,,,
5,0.116935444,0.712703713,0.170360843,knackerkitten,,,
6,0.168650058,0.551483004,0.279866939,knackerkitten,,,
7,0.281483856,0.5680814,0.150434743,knackerkitten,,,
8,0.121898,0.157161908,0.720940093,Raspywoodchuck,,,
9,0.236001941,0.367744508,0.396253551,Raspywoodchuck,,,
10,0.180588738,0.569648571,0.249762692,knackerkitten,,,
11,0.764012284,0.125235148,0.110752568,drasticmum,,,
12,0.120770595,0.633976702,0.245252703,knackerkitten,,,
13,0.665102896,0.131446457,0.203450648,drasticmum,,,
14,0.63823646,0.178374439,0.183389102,drasticmum,,,
15,0.156849954,0.576194976,0.26695507,knackerkitten,,,
16,0.498813037,0.163020976,0.338165987,drasticmum,,,
17,0.493726967,0.160669518,0.345603515,drasticmum,,,
18,0.350483566,0.467411161,0.182105272,knackerkitten,,,
19,0.089218262,0.082453461,0.828328277,Raspywoodchuck,,,
20,0.73360918,0.188927335,0.077463485,drasticmum,,,
21,0.815380622,0.114331376,0.070288002,drasticmum,,,
22,0.104062889,0.801148978,0.094788133,knackerkitten,,,
23,0.085560967,0.33860579,0.575833243,Raspywoodchuck,,,
24,0.252279864,0.111412865,0.636307271,Raspywoodchuck,,,
25,0.089267702,0.14615751,0.764574787,Raspywoodchuck,,,
26,0.796621174,0.102043937,0.101334889,drasticmum,,,
27,0.087238642,0.795889283,0.116872075,knackerkitten,,,
28,0.094444939,0.774136035,0.131419026,knackerkitten,,,
29,0.644114721,0.21634623,0.139539049,drasticmum,,,
30,0.723584319,0.153942629,0.122473052,drasticmum,,,
31,0.511792445,0.424841621,0.063365933,knackerkitten,,,
32,0.244709932,0.195169532,0.560120535,Raspywoodchuck,,,
33,0.460564834,0.210196299,0.329238867,drasticmum,,,
34,0.199037398,0.607352609,0.193609993,knackerkitten,,,
35,0.747581623,0.101809258,0.150609119,drasticmum,,,
36,0.193258475,0.150326754,0.656414771,Raspywoodchuck,,,
37,0.097942458,0.742075867,0.159981675,knackerkitten,,,
38,0.682584897,0.183619148,0.133795956,drasticmum,,,
39,0.690515637,0.184470104,0.125014259,drasticmum,,,
40,0.273154353,0.637867779,0.088977869,knackerkitten,,,
41,0.693411113,0.154668135,0.151920752,drasticmum,,,
42,0.692875557,0.155556098,0.151568345,drasticmum,,,
43,0.106605598,0.490931198,0.402463204,knackerkitten,,,
44,0.295809107,0.145035719,0.559155174,drasticmum,,,
45,0.118412095,0.149261179,0.732326727,Raspywoodchuck,,,
46,0.195686433,0.140455934,0.663857633,Raspywoodchuck,,,
47,0.343465888,0.167237346,0.489296766,Raspywoodchuck,,,
48,0.204051038,0.143681065,0.652267897,Raspywoodchuck,,,
49,0.554169871,0.225158248,0.22067188,drasticmum,,,
50,0.516115945,0.345663692,0.138220362,knackerkitten,,,
51,0.487137561,0.397269998,0.115592442,knackerkitten,,,
52,0.385016713,0.484832198,0.130151089,knackerkitten,,,
53,0.777817258,0.134955664,0.087227078,drasticmum,,,
54,0.0392879,0.711240489,0.249471611,Raspywoodchuck,,,
ketchup_vs_mustardB,drasticmum,individual mind,knackerkitten,Raspywoodchuck,user,,
0,1,0,0,0,drasticmum,,
1,1,0,0,0,drasticmum,,
2,0.338826055,0.661173945,0,0,individual mind,,
3,0.79986887,0.20013113,0,0,drasticmum,,
4,0.112269168,0.255520233,0.632210599,0,knackerkitten,,
5,0.545759669,0.142263246,0.311977085,0,drasticmum,,
6,0.164918236,0.637135847,0.197945917,0,individual mind,,
7,0.147728231,0.670579804,0.181691965,0,individual mind,,
8,0.528066897,0.368214364,0.103718739,0,drasticmum,,
9,0.111726485,0.170612493,0.277090406,0.440570616,Raspywoodchuck,,
10,0.284826706,0.108862301,0.18398499,0.422326003,drasticmum,,
11,0.26081892,0.389024473,0.137791781,0.212364826,individual mind,,
12,0.294111598,0.269364706,0.132810065,0.303713631,drasticmum,,
13,0.65277786,0.145124472,0.093711074,0.108386595,drasticmum,,
14,0.19475437,0.536209899,0.117008135,0.152027595,individual mind,,
15,0.344274819,0.484208069,0.074732246,0.096784867,drasticmum,,
16,0.185263001,0.038621325,0.647269531,0.128846143,drasticmum,,
17,0.192825132,0.371298713,0.191621029,0.244255126,individual mind,,
18,0.60529685,0.150242633,0.109808712,0.134651804,drasticmum,,
19,0.122387008,0.318326727,0.153930422,0.405355842,Raspywoodchuck,,
20,0.080768003,0.312808931,0.141914938,0.464508129,individual mind,,
21,0.158152794,0.305901868,0.122921302,0.413024036,Raspywoodchuck,,
22,0.078285165,0.173648545,0.254956605,0.493109686,Raspywoodchuck,,
23,0.402604694,0.177374013,0.18501105,0.235010242,drasticmum,,
24,0.18605987,0.449575542,0.191813826,0.172550763,individual mind,,
25,0.19810175,0.217482221,0.167927184,0.416488845,Raspywoodchuck,,
26,0.670046595,0.100802942,0.128545822,0.100604642,drasticmum,,
27,0.191965341,0.132109017,0.54564688,0.130278762,knackerkitten,,
28,0.10146183,0.44042578,0.306405778,0.151706613,individual mind,,
29,0.459581307,0.112001955,0.084216035,0.344200703,drasticmum,,
30,0.25799882,0.509311793,0.15087041,0.081818977,drasticmum,,
31,0.221422062,0.236329139,0.444470545,0.097778254,knackerkitten,,
32,0.422278481,0.253997534,0.143707467,0.180016517,drasticmum,,
33,0.096520402,0.11357057,0.160310424,0.629598605,Raspywoodchuck,,
34,0.300484226,0.17997278,0.462391982,0.057151012,knackerkitten,,
35,0.418504161,0.368470411,0.131577946,0.081447483,drasticmum,,
36,0.061981622,0.055559776,0.313470392,0.56898821,knackerkitten,,
37,0.240461483,0.473131245,0.143115601,0.143291672,individual mind,,
38,0.372467885,0.44543903,0.091116632,0.090976453,drasticmum,,
39,0.154006023,0.228460816,0.221891274,0.395641887,Raspywoodchuck,,
40,0.255993641,0.18450833,0.448127101,0.111370928,knackerkitten,,
41,0.135832973,0.056696042,0.773971697,0.033499288,drasticmum,,
42,0.243369146,0.383797739,0.225466853,0.147366263,individual mind,,
43,0.04660988,0.018053717,0.011124828,0.924211575,drasticmum,,
44,0.070738422,0.234751603,0.428454664,0.26605531,Raspywoodchuck,,
45,0.081567572,0.271046216,0.220694472,0.426691739,individual mind,,
46,0.358123595,0.254616737,0.165612504,0.221647164,drasticmum,,
47,0.53408304,0.176327186,0.134292318,0.155297457,drasticmum,,
48,0.409728494,0.147827333,0.255125583,0.187318589,drasticmum,,
aiC,mirrormoth,susancase1983,honkyhornet,magnetmussel,user,,
0,1,0,0,0,mirrormoth,,
1,1,0,0,0,mirrormoth,,
2,0.05223747,0.94776253,0,0,susancase1983,,
3,0.947572803,0.052427197,0,0,mirrormoth,,
4,0.336987739,0.037846569,0.625165692,0,honkyhornet,,
5,0.174825955,0.690374518,0.134799527,0,susancase1983,,
6,0.039715981,0.036983373,0.038877485,0.884423161,magnetmussel,,
7,0.139262356,0.680177098,0.150567356,0.02999319,susancase1983,,
8,0.09323608,0.770107443,0.10670088,0.029955596,susancase1983,,
9,0.260592771,0.060735446,0.650171214,0.028500569,honkyhornet,,
10,0.087400259,0.22295857,0.064865687,0.624775484,magnetmussel,,
11,0.107842475,0.665170688,0.081851292,0.145135545,susancase1983,,
12,0.139265649,0.126058314,0.586929911,0.147746126,honkyhornet,,
13,0.092237233,0.544504003,0.175632579,0.187626184,susancase1983,,
14,0.603754988,0.149582712,0.130128572,0.116533728,mirrormoth,,
15,0.134387438,0.202892314,0.108107362,0.554612886,magnetmussel,,
16,0.140511502,0.145711979,0.608012035,0.105764483,honkyhornet,,
17,0.109487616,0.137334385,0.08807421,0.665103789,magnetmussel,,
18,0.722588996,0.085947028,0.083196502,0.108267475,mirrormoth,,
19,0.092285066,0.599750687,0.197383944,0.110580303,susancase1983,,
20,0.133981767,0.627271712,0.141037755,0.097708767,susancase1983,,
21,0.067726891,0.070159314,0.068960671,0.793153124,magnetmussel,,
22,0.184585104,0.147045761,0.609969478,0.058399658,honkyhornet,,
23,0.082467248,0.249507499,0.096076292,0.571948962,magnetmussel,,
24,0.086710994,0.184573328,0.084518762,0.644196916,magnetmussel,,
25,0.43757583,0.297061311,0.075092295,0.190270564,mirrormoth,,
26,0.157819426,0.161684574,0.105313542,0.575182459,magnetmussel,,
27,0.114587554,0.148548501,0.644176063,0.092687881,honkyhornet,,
28,0.076332794,0.752537233,0.058063747,0.113066226,susancase1983,,
29,0.219593379,0.056144938,0.61161546,0.112646223,honkyhornet,,
30,0.388611412,0.035475183,0.500433899,0.075479505,mirrormoth,,
31,0.327009988,0.027522773,0.313862997,0.331604243,magnetmussel,,
32,0.164812141,0.017949766,0.220677332,0.596560761,honkyhornet,,
33,0.578907891,0.054626231,0.173064305,0.193401574,mirrormoth,,
34,0.348526849,0.030520904,0.275417132,0.345535115,mirrormoth,,
35,0.206695339,0.053098096,0.56333973,0.176866834,honkyhornet,,
36,0.201467857,0.402762151,0.248443828,0.147326164,susancase1983,,
37,0.129963044,0.285494872,0.193259855,0.39128223,magnetmussel,,
38,0.47351335,0.325653582,0.106067641,0.094765427,susancase1983,,
39,0.107397124,0.555376578,0.156343885,0.180882413,susancase1983,,
40,0.543455567,0.056483283,0.117031224,0.283029926,magnetmussel,,
41,0.44377948,0.044200423,0.264393594,0.247626503,honkyhornet,,
42,0.378345453,0.052998481,0.292208037,0.276448028,honkyhornet,,
43,0.078784555,0.015297126,0.075098371,0.830819947,mirrormoth,,
44,0.195944192,0.296630623,0.310087735,0.19733745,susancase1983,,
children_devicesC,magnetmussel,honkyhornet,susancase1983,mirrormoth,user,,
0,1,0,0,0,magnetmussel,,
1,1,0,0,0,magnetmussel,,
2,0.177328192,0.822671808,0,0,honkyhornet,,
3,0.7239602,0.2760398,0,0,magnetmussel,,
4,0.15314929,0.210120601,0.636730109,0,susancase1983,,
5,0.475677934,0.163309432,0.361012635,0,magnetmussel,,
6,0.187181701,0.286169123,0.165159955,0.361489221,mirrormoth,,
7,0.207588837,0.476161303,0.153112178,0.163137683,honkyhornet,,
8,0.100737717,0.112871587,0.699750149,0.086640547,susancase1983,,
9,0.393533684,0.140488499,0.044850604,0.421127212,magnetmussel,,
10,0.567327799,0.134624075,0.057438862,0.240609264,magnetmussel,,
11,0.124582807,0.523217687,0.06937644,0.282823065,honkyhornet,,
12,0.312537937,0.38438746,0.0423071,0.260767503,honkyhornet,,
13,0.713756748,0.10650995,0.059234983,0.120498319,magnetmussel,,
14,0.082027386,0.352333851,0.057048657,0.508590106,mirrormoth,,
15,0.260898083,0.072635934,0.58893065,0.077535333,susancase1983,,
16,0.262610809,0.265627776,0.032184314,0.439577101,magnetmussel,,
17,0.239735512,0.471898693,0.061274045,0.227091751,honkyhornet,,
18,0.112040181,0.141973034,0.628907881,0.117078905,susancase1983,,
19,0.594385765,0.117342524,0.177864508,0.110407203,magnetmussel,,
20,0.132346657,0.133944635,0.631186757,0.102521951,susancase1983,,
21,0.063669788,0.164197951,0.429813122,0.342319139,susancase1983,,
22,0.643230865,0.141472693,0.098052211,0.117244232,magnetmussel,,
23,0.108248703,0.717983043,0.085676018,0.088092236,honkyhornet,,
24,0.391481399,0.062113065,0.462903367,0.083502169,susancase1983,,
25,0.607964891,0.1059643,0.178040802,0.108030006,magnetmussel,,
26,0.528774585,0.076295831,0.137820656,0.257108927,magnetmussel,,
27,0.531059494,0.058801514,0.075411209,0.334727784,magnetmussel,,
28,0.283619065,0.064443857,0.104425681,0.547511397,mirrormoth,,
29,0.141500575,0.081267211,0.541065844,0.23616637,susancase1983,,
30,0.370730289,0.048974883,0.150329867,0.429964961,mirrormoth,,
31,0.467913015,0.086675885,0.331868597,0.113542503,magnetmussel,,
32,0.33240751,0.051865345,0.520115563,0.095611583,magnetmussel,,
33,0.804265295,0.050631878,0.07356911,0.071533717,magnetmussel,,
34,0.050272179,0.106899795,0.774319916,0.068508111,susancase1983,,
35,0.072909141,0.105772984,0.102764539,0.718553336,mirrormoth,,
36,0.051998743,0.121179446,0.614631012,0.212190799,susancase1983,,
37,0.092768896,0.076513815,0.148390841,0.682326448,mirrormoth,,
38,0.071585127,0.664894807,0.129299889,0.134220177,honkyhornet,,
39,0.061804982,0.096932395,0.665097824,0.176164799,susancase1983,,
40,0.043051005,0.513617489,0.344384023,0.098947484,honkyhornet,,
41,0.814920172,0.063748751,0.063213888,0.058117188,magnetmussel,,
42,0.027726309,0.351498169,0.230387781,0.39038774,mirrormoth,,
43,0.610853708,0.128402768,0.145807555,0.11493597,magnetmussel,,
44,0.223126359,0.15666423,0.498003,0.122206411,susancase1983,,
45,0.224971305,0.509201527,0.156145899,0.109681269,honkyhornet,,
46,0.385672548,0.1000138,0.105285685,0.409027967,magnetmussel,,
47,0.170730878,0.101795467,0.539832005,0.18764165,susancase1983,,
48,0.572755357,0.11346117,0.103553002,0.210230471,magnetmussel,,
49,0.074604593,0.150725289,0.695276918,0.079393201,susancase1983,,
50,0.117074617,0.144826638,0.485260615,0.25283813,susancase1983,,
51,0.111089491,0.106358519,0.515608898,0.266943093,susancase1983,,
52,0.096680752,0.092359926,0.28364123,0.527318091,mirrormoth,,
53,0.058692369,0.053109706,0.319351409,0.568846517,susancase1983,,
54,0.098628462,0.132710821,0.191211669,0.577449047,mirrormoth,,
55,0.089221552,0.728036192,0.078730908,0.104011348,honkyhornet,,
56,0.121318156,0.056017205,0.332754344,0.489910295,mirrormoth,,
57,0.058366763,0.027591426,0.24086862,0.673173191,susancase1983,,
58,0.079250697,0.040324467,0.363494604,0.516930232,susancase1983,,
59,0.072701531,0.041722062,0.509306971,0.376269436,mirrormoth,,
60,0.07923037,0.044724869,0.384785764,0.491258997,susancase1983,,
61,0.090324003,0.393038332,0.277140266,0.239497399,honkyhornet,,
62,0.260876074,0.341465345,0.220101238,0.177557343,magnetmussel,,
63,0.322356989,0.298759933,0.181688737,0.197194341,magnetmussel,,
64,0.184394237,0.197049613,0.357991712,0.260564438,susancase1983,,
65,0.143154452,0.127405089,0.539294325,0.190146134,susancase1983,,
66,0.056876288,0.223124447,0.641547908,0.078451356,honkyhornet,,
67,0.088435447,0.461854799,0.329227396,0.120482359,susancase1983,,
68,0.411149539,0.080240072,0.351474339,0.157136051,susancase1983,,
69,0.523877506,0.091465484,0.214258814,0.170398196,magnetmussel,,
70,0.182561005,0.571068303,0.144987763,0.101382929,honkyhornet,,
71,0.144100674,0.087339014,0.264914806,0.503645506,mirrormoth,,
72,0.488552696,0.129940943,0.219436542,0.162069819,magnetmussel,,
73,0.237341138,0.381513794,0.254356422,0.126788646,honkyhornet,,
74,0.273001564,0.3046003,0.304441741,0.117956394,susancase1983,,
ketchup_vs_mustardC,magnetmussel,susancase1983,honkyhornet,mirrormoth,user,,
0,1,0,0,0,magnetmussel,,
1,1,0,0,0,magnetmussel,,
2,1,0,0,0,magnetmussel,,
3,0.22164535,0.77835465,0,0,susancase1983,,
4,0.124606199,0.875393801,0,0,susancase1983,,
5,0.889141312,0.110858688,0,0,magnetmussel,,
6,0.178757391,0.12785835,0.693384259,0,honkyhornet,,
7,0.638827232,0.226611315,0.134561452,0,magnetmussel,,
8,0.131339679,0.687888936,0.180771385,0,susancase1983,,
9,0.470603875,0.11723178,0.412164345,0,magnetmussel,,
10,0.468645024,0.134755293,0.396599682,0,magnetmussel,,
11,0.713510124,0.101882634,0.184607242,0,magnetmussel,,
12,0.103344011,0.701120044,0.195535945,0,susancase1983,,
13,0.538037585,0.11054005,0.351422365,0,magnetmussel,,
14,0.140497959,0.109712497,0.172650212,0.577139331,mirrormoth,,
15,0.274573943,0.0963096,0.538778666,0.090337791,honkyhornet,,
16,0.163747387,0.265782645,0.524889181,0.045580787,susancase1983,,
17,0.322376349,0.346936914,0.265386328,0.065300409,susancase1983,,
18,0.160973796,0.129175208,0.120444815,0.589406182,mirrormoth,,
19,0.239699683,0.433246748,0.281464977,0.045588592,magnetmussel,,
20,0.13059465,0.561087058,0.129460542,0.178857749,susancase1983,,
21,0.235987505,0.132836461,0.185729068,0.445446967,mirrormoth,,
22,0.121968058,0.571320761,0.111713026,0.194998156,susancase1983,,
23,0.327758292,0.282635514,0.291040318,0.098565876,susancase1983,,
24,0.208779635,0.15587486,0.180018327,0.455327178,mirrormoth,,
25,0.666795703,0.091493565,0.098735272,0.14297546,magnetmussel,,
26,0.058403091,0.474650154,0.333594449,0.133352307,susancase1983,,
27,0.382383467,0.318029119,0.211142018,0.088445396,magnetmussel,,
28,0.228236304,0.549157445,0.13635211,0.08625414,susancase1983,,
29,0.079844239,0.063999667,0.73542443,0.120731664,honkyhornet,,
30,0.25701885,0.473008288,0.05841082,0.211562043,susancase1983,,
31,0.113361134,0.331404193,0.34015576,0.215078912,honkyhornet,,
32,0.107306492,0.31912023,0.263950219,0.309623059,mirrormoth,,
33,0.599518365,0.148044429,0.123321982,0.129115223,magnetmussel,,
34,0.931322071,0.011288063,0.047532409,0.009857458,honkyhornet,,
35,0.272632474,0.447629427,0.060883544,0.218854555,magnetmussel,,
36,0.189273286,0.468600312,0.072966454,0.269159948,susancase1983,,
37,0.059173814,0.233526252,0.656120698,0.051179237,susancase1983,,
pineapple_on_pizzaC,magnetmussel,susancase1983,honkyhornet,mirrormoth,user,,
0,1,0,0,0,magnetmussel,,
1,1,0,0,0,magnetmussel,,
2,0.457122847,0.542877153,0,0,susancase1983,,
3,0.284923492,0.259034752,0.456041756,0,honkyhornet,,
4,0.537717021,0.170332471,0.291950508,0,magnetmussel,,
5,0.715685637,0.124521986,0.159792377,0,magnetmussel,,
6,0.058596533,0.187104425,0.474781973,0.279517069,mirrormoth,,
7,0.076224084,0.564205023,0.175397288,0.184173606,susancase1983,,
8,0.035091882,0.052820354,0.165620823,0.746466941,honkyhornet,,
9,0.071278756,0.172441274,0.358285457,0.397994514,mirrormoth,,
10,0.649367102,0.246558442,0.05690469,0.047169766,susancase1983,,
11,0.073830002,0.579539441,0.1523916,0.194238957,susancase1983,,
12,0.209309709,0.083011105,0.214543897,0.493135288,mirrormoth,,
13,0.062029973,0.282145904,0.574602409,0.081221714,honkyhornet,,
14,0.682642534,0.113283979,0.141110585,0.062962902,magnetmussel,,
15,0.062193967,0.560461959,0.111248682,0.266095392,susancase1983,,
16,0.071568834,0.590164919,0.127761645,0.210504602,susancase1983,,
17,0.480747562,0.259226635,0.148270209,0.111755594,magnetmussel,,
18,0.153038393,0.452452039,0.073548472,0.320961096,susancase1983,,
19,0.093779044,0.579501101,0.062751835,0.26396802,susancase1983,,
20,0.500774703,0.127600893,0.088495862,0.283128542,magnetmussel,,
21,0.21892894,0.088443143,0.285266331,0.407361586,honkyhornet,,
22,0.259146962,0.069338478,0.41592821,0.25558635,mirrormoth,,
23,0.311760344,0.363818923,0.15330779,0.171112943,susancase1983,,
24,0.62188415,0.155673048,0.107444206,0.114998596,magnetmussel,,
25,0.046749258,0.139778739,0.531646869,0.281825134,mirrormoth,,
26,0.047625617,0.33519169,0.327917562,0.289265131,susancase1983,,
27,0.038657226,0.158268926,0.57741291,0.225660938,mirrormoth,,
28,0.306169845,0.130850897,0.23555208,0.327427178,magnetmussel,,
29,0.339035882,0.104446584,0.260762924,0.295754611,honkyhornet,,
30,0.203960335,0.41831492,0.220226898,0.157497847,susancase1983,,
31,0.561182152,0.204647283,0.125761363,0.108409203,magnetmussel,,
32,0.148452033,0.391747543,0.355537525,0.1042629,honkyhornet,,
33,0.276062441,0.440621012,0.190617893,0.092698654,susancase1983,,
34,0.29229843,0.496147793,0.134249117,0.07730466,susancase1983,,
35,0.373643405,0.450282122,0.113372461,0.062702013,magnetmussel,,
36,0.063785438,0.057426719,0.344080141,0.534707701,honkyhornet,,
37,0.506140442,0.141434055,0.186249329,0.166176175,magnetmussel,,
38,0.063838967,0.237666452,0.328942876,0.369551705,susancase1983,,
children_devicesP,koolkapel,nationalyuity,anklefuvet,copperbrilly,user,,
0,1,0,0,0,koolkapel,,
1,0.128120159,0.871879841,0,0,nationalyuity,,
2,0.251590494,0.748409506,0,0,nationalyuity,,
3,0.430281946,0.146665151,0.423052904,0,anklefuvet,,
4,0.229052992,0.583215829,0.187731179,0,nationalyuity,,
5,0.282074913,0.449456164,0.268468924,0,nationalyuity,,
6,0.700178714,0.169663231,0.130158056,0,koolkapel,,
7,0.137504263,0.095122025,0.086383401,0.680990311,copperbrilly,,
8,0.133431123,0.115126168,0.624168265,0.127274444,anklefuvet,,
9,0.07701023,0.769064478,0.089632329,0.064292962,nationalyuity,,
10,0.192451791,0.05526967,0.145925177,0.606353362,copperbrilly,,
11,0.233960925,0.576552906,0.082569244,0.106916925,nationalyuity,,
12,0.414600608,0.086069496,0.089125623,0.410204273,koolkapel,,
13,0.180525641,0.102631965,0.514939582,0.201902813,anklefuvet,,
14,0.205848104,0.072895719,0.492442706,0.22881347,anklefuvet,,
15,0.12387662,0.674457849,0.088606569,0.113058961,nationalyuity,,
16,0.281855548,0.431341746,0.111591098,0.175211607,nationalyuity,,
17,0.205315585,0.335847875,0.270543177,0.188293363,nationalyuity,,
18,0.547231631,0.142883282,0.116099102,0.193785985,koolkapel,,
19,0.280279569,0.48240425,0.090829287,0.146486893,nationalyuity,,
20,0.76771914,0.07829449,0.072737836,0.081248534,koolkapel,,
21,0.048207026,0.593586485,0.227926249,0.13028024,nationalyuity,,
22,0.03964653,0.403307484,0.259006827,0.29803916,nationalyuity,,
23,0.030974661,0.335998081,0.386403798,0.24662346,nationalyuity,,
24,0.025002371,0.265080032,0.573966252,0.135951345,nationalyuity,,
25,0.076385988,0.127077425,0.634812825,0.161723762,anklefuvet,,
26,0.101467012,0.109767771,0.190427541,0.598337676,copperbrilly,,
27,0.060460773,0.5165797,0.226004741,0.196954787,nationalyuity,,
28,0.056979512,0.493173239,0.272148674,0.177698575,nationalyuity,,
29,0.06047798,0.516915801,0.225451015,0.197155204,nationalyuity,,
30,0.056629452,0.109680705,0.744247867,0.089441976,anklefuvet,,
31,0.097020025,0.64541974,0.082710038,0.174850197,nationalyuity,,
32,0.06652511,0.732111959,0.078689081,0.122673849,nationalyuity,,
33,0.066891014,0.11689718,0.141214583,0.674997223,copperbrilly,,
34,0.066551556,0.628889658,0.091612184,0.212946603,nationalyuity,,
35,0.893813798,0.035775707,0.033081415,0.037329079,koolkapel,,
36,0.02014984,0.321764755,0.513644931,0.144440475,anklefuvet,,
37,0.023371711,0.562411365,0.285506673,0.128710251,nationalyuity,,
38,0.02454597,0.632445487,0.236434572,0.106573971,nationalyuity,,
39,0.017022515,0.44237419,0.404172282,0.136431013,nationalyuity,,
40,0.719922508,0.080525043,0.08244128,0.117111169,koolkapel,,
41,0.088383205,0.12839835,0.548173445,0.235044999,anklefuvet,,
42,0.046766058,0.841529198,0.057996009,0.053708736,nationalyuity,,
43,0.063871762,0.577844428,0.185629053,0.172654757,nationalyuity,,
44,0.055516419,0.229500749,0.603916884,0.111065948,anklefuvet,,
45,0.059518151,0.539229803,0.242965774,0.158286272,nationalyuity,,
46,0.071361068,0.604677082,0.10680862,0.21715323,nationalyuity,,
47,0.475096591,0.099600881,0.314978188,0.11032434,koolkapel,,
48,0.185892131,0.409262616,0.339350905,0.065494348,nationalyuity,,
49,0.141357272,0.503972112,0.307044387,0.047626228,anklefuvet,,
50,0.136143491,0.276921994,0.520891323,0.066043192,anklefuvet,,
51,0.264209951,0.455003788,0.204564983,0.076221278,nationalyuity,,
52,0.295732895,0.512015636,0.145909119,0.04634235,koolkapel,,
53,0.606055316,0.201562623,0.055164009,0.137218052,copperbrilly,,
54,0.217685437,0.44152187,0.121378391,0.219414302,nationalyuity,,
55,0.238816148,0.118459723,0.105016159,0.537707969,koolkapel,,
56,0.21332891,0.459936567,0.113995755,0.212738768,nationalyuity,,
57,0.443954692,0.215297587,0.120938612,0.219809109,koolkapel,,
58,0.235558107,0.246467658,0.13590819,0.382066045,copperbrilly,,
59,0.203935617,0.504977634,0.098084378,0.193002371,nationalyuity,,
60,0.058636541,0.233277502,0.628676259,0.079409698,nationalyuity,,
61,0.163607839,0.346616808,0.180573746,0.309201607,nationalyuity,,
62,0.318337382,0.131863339,0.456376,0.093423279,koolkapel,,
ketchup_vs_mustardP,koolkapel,nationalyuity,anklefuvet,copperbrilly,user,,
0,1,0,0,0,koolkapel,,
1,1,0,0,0,koolkapel,,
2,0.268904457,0.731095543,0,0,nationalyuity,,
3,0.373338018,0.230690241,0.395971741,0,anklefuvet,,
4,0.457556686,0.227713683,0.314729631,0,koolkapel,,
5,0.176456266,0.581572596,0.241971138,0,nationalyuity,,
6,0.113350699,0.213746093,0.672903209,0,anklefuvet,,
7,0.683009438,0.209499415,0.107491147,0,koolkapel,,
8,0.2471999,0.676958843,0.075841257,0,nationalyuity,,
9,0.609297584,0.336428579,0.054273837,0,nationalyuity,,
10,0.589205614,0.270537967,0.140256419,0,koolkapel,,
11,0.484194906,0.426625317,0.089179777,0,nationalyuity,,
12,0.572713629,0.181008373,0.246277998,0,anklefuvet,,
13,0.268299196,0.447640488,0.284060316,0,nationalyuity,,
14,0.692815027,0.134186826,0.172998148,0,koolkapel,,
15,0.145063606,0.156781366,0.258552868,0.43960216,copperbrilly,,
16,0.354561241,0.377914408,0.169100346,0.098424005,koolkapel,,
17,0.096656266,0.347091244,0.23632192,0.31993057,nationalyuity,,
18,0.078216093,0.324491383,0.346389781,0.250902743,anklefuvet,,
19,0.268233077,0.388040494,0.159604126,0.184122303,koolkapel,,
20,0.103282292,0.653692933,0.130035437,0.112989338,nationalyuity,,
21,0.130189526,0.538227831,0.189062377,0.142520265,nationalyuity,,
22,0.54649508,0.09213855,0.158023086,0.203343284,koolkapel,,
23,0.102010384,0.226252067,0.451862795,0.219874755,anklefuvet,,
24,0.088154429,0.52578872,0.225242488,0.160814362,nationalyuity,,
25,0.083263621,0.581982616,0.208002914,0.126750848,nationalyuity,,
26,0.69281709,0.122542124,0.097533454,0.087107332,koolkapel,,
27,0.044518836,0.349244331,0.280445064,0.325791768,nationalyuity,,
28,0.056145113,0.121618185,0.689878178,0.132358524,anklefuvet,,
29,0.376811232,0.219545261,0.080947059,0.322696449,koolkapel,,
30,0.182746351,0.47033759,0.068619364,0.278296695,nationalyuity,,
31,0.510586637,0.122365765,0.177995467,0.189052131,koolkapel,,
32,0.088388807,0.724213518,0.067434937,0.119962739,nationalyuity,,
33,0.523825157,0.283189575,0.084195976,0.108789292,nationalyuity,,
pineapple_on_pizzaP,nationalyuity,anklefuvet,copperbrilly,koolkapel,user,,
0,1,0,0,0,nationalyuity,,
1,0.355244063,0.644755937,0,0,anklefuvet,,
2,0.425820155,0.574179845,0,0,anklefuvet,,
3,0.629738117,0.370261883,0,0,nationalyuity,,
4,0.261736227,0.285521238,0.452742535,0,copperbrilly,,
5,0.252928433,0.24685866,0.500212907,0,copperbrilly,,
6,0.598699838,0.274369727,0.126930436,0,anklefuvet,,
7,0.431030773,0.158287341,0.410681886,0,nationalyuity,,
8,0.440761888,0.328189157,0.231048955,0,nationalyuity,,
9,0.1485257,0.72622514,0.12524916,0,anklefuvet,,
10,0.194052594,0.648625013,0.157322393,0,anklefuvet,,
11,0.533822455,0.180928867,0.285248678,0,nationalyuity,,
12,0.166444243,0.707846807,0.12570895,0,anklefuvet,,
13,0.80734097,0.069735351,0.122923679,0,nationalyuity,,
14,0.119761449,0.612089386,0.268149165,0,anklefuvet,,
15,0.462013087,0.3207662,0.217220712,0,nationalyuity,,
16,0.371260386,0.148072406,0.480667208,0,nationalyuity,,
17,0.764368141,0.101405513,0.134226346,0,nationalyuity,,
18,0.470477415,0.059045169,0.470477415,0,copperbrilly,,
19,0.536313293,0.398578135,0.065108573,0,nationalyuity,,
20,0.656587372,0.13084705,0.212565578,0,nationalyuity,,
21,0.520917722,0.377156973,0.101925306,0,anklefuvet,,
22,0.270706112,0.27812744,0.084055387,0.367111062,koolkapel,,
23,0.184187856,0.619419116,0.049050175,0.147342854,nationalyuity,,
24,0.159142959,0.152618262,0.448764389,0.23947439,copperbrilly,,
25,0.359992138,0.18828018,0.215690415,0.236037267,nationalyuity,,
26,0.149743564,0.10338129,0.231628432,0.515246714,koolkapel,,
27,0.453256347,0.336671845,0.130455145,0.079616663,nationalyuity,,
28,0.378838137,0.129310484,0.34936711,0.142484269,nationalyuity,,
29,0.334779606,0.317316781,0.256899461,0.091004152,anklefuvet,,
30,0.163599371,0.570808149,0.164382041,0.101210439,anklefuvet,,
31,0.363530645,0.123556039,0.397193938,0.115719377,nationalyuity,,
32,0.419627683,0.30330333,0.184841981,0.092227006,nationalyuity,,
33,0.379766123,0.24182304,0.09485715,0.283553687,koolkapel,,
34,0.1288031,0.372154074,0.385056244,0.113986582,anklefuvet,,
35,0.3228539,0.106674861,0.121785387,0.448685852,nationalyuity,,
36,0.180138277,0.301594618,0.368669406,0.149597699,copperbrilly,,
37,0.313055513,0.234986462,0.080273125,0.371684901,anklefuvet,,
38,0.132941645,0.11261499,0.294157601,0.460285763,koolkapel,,
39,0.092598472,0.0784752,0.310485181,0.518441147,copperbrilly,,
40,0.138812714,0.118808337,0.227397155,0.514981794,koolkapel,,
41,0.402825887,0.405828398,0.103543452,0.087802263,anklefuvet,,
42,0.475489926,0.096554403,0.198924019,0.229031652,nationalyuity,,
43,0.134500141,0.262969199,0.455185569,0.147345091,copperbrilly,,
44,0.106003459,0.36812575,0.416093302,0.109777489,anklefuvet,,
45,0.564987703,0.114717598,0.112642008,0.207652691,nationalyuity,,
46,0.623709512,0.145140497,0.14416651,0.086983481,nationalyuity,,
47,0.075733039,0.153013664,0.162854629,0.608398668,koolkapel,,
48,0.434492539,0.263036362,0.226362012,0.076109086,nationalyuity,,
49,0.311537726,0.314995296,0.310971243,0.062495735,anklefuvet,,
50,0.479860143,0.265808436,0.180242558,0.074088863,nationalyuity,,
51,0.319593269,0.436407089,0.186801345,0.057198297,nationalyuity,,
52,0.40404562,0.32877564,0.199154238,0.068024502,nationalyuity,,
53,0.2402725,0.152335992,0.120946713,0.486444795,koolkapel,,
54,0.172893297,0.370038434,0.087029835,0.370038434,anklefuvet,,
55,0.395114577,0.129680551,0.34552432,0.129680551,copperbrilly,,
56,0.136821114,0.456963071,0.112636087,0.293579728,koolkapel,,
57,0.469333856,0.116246398,0.293141629,0.121278117,nationalyuity,,
58,0.315332937,0.107373401,0.465608534,0.111685128,nationalyuity,,
59,0.089898426,0.265847358,0.104538221,0.539715996,anklefuvet,,
sweet_vs_savouryP,copperbrilly,koolkapel,anklefuvet,nationalyuity,user,,
0,1,0,0,0,copperbrilly,,
1,0.375216838,0.624783162,0,0,koolkapel,,
2,0.197364272,0.443028565,0.359607162,0,anklefuvet,,
3,0.276467176,0.366303202,0.357229622,0,koolkapel,,
4,0.131166465,0.148318438,0.720515096,0,anklefuvet,,
5,0.740816386,0.176314917,0.082868696,0,copperbrilly,,
6,0.146935392,0.292539672,0.077804436,0.4827205,nationalyuity,,
7,0.076913286,0.214572016,0.202861539,0.505653158,nationalyuity,,
8,0.025367184,0.049200934,0.706110703,0.219321179,nationalyuity,,
9,0.076948694,0.217571554,0.201318575,0.504161177,nationalyuity,,
10,0.065474265,0.538036187,0.074903502,0.321586046,nationalyuity,,
11,0.076091725,0.403604072,0.300013523,0.22029068,anklefuvet,,
12,0.109996348,0.216202205,0.299681155,0.374120292,nationalyuity,,
13,0.075010187,0.362902575,0.398962356,0.163124881,anklefuvet,,
14,0.235405087,0.179617218,0.12951144,0.455466256,nationalyuity,,
15,0.052701599,0.384679866,0.291027612,0.271590923,nationalyuity,,
16,0.558044089,0.166256895,0.129098885,0.14660013,copperbrilly,,
17,0.202055713,0.245283415,0.148167011,0.40449386,nationalyuity,,
18,0.101514453,0.30892414,0.40235508,0.187206327,anklefuvet,,
19,0.096023822,0.23940352,0.522122493,0.142450165,anklefuvet,,
20,0.472525889,0.118394414,0.068711351,0.340368346,nationalyuity,,
21,0.088925628,0.428203735,0.380489934,0.102380703,anklefuvet,,
22,0.1746156,0.13791527,0.128065432,0.559403698,nationalyuity,,
23,0.288383184,0.440193452,0.09014418,0.181279184,koolkapel,,
24,0.374078106,0.071435872,0.479566989,0.074919033,copperbrilly,,
25,0.206641833,0.123814661,0.23937749,0.430166016,nationalyuity,,
26,0.121246903,0.549730773,0.141261201,0.187761123,koolkapel,,
27,0.369757568,0.083622037,0.336236112,0.210384283,anklefuvet,,
28,0.64737741,0.031261419,0.167664656,0.153696515,nationalyuity,,
29,0.165272831,0.077198508,0.593200477,0.164328184,anklefuvet,,
30,0.299761199,0.061409623,0.089193803,0.549635375,copperbrilly,,
31,0.152297132,0.589558635,0.08439126,0.173752974,koolkapel,,
32,0.61152251,0.183943003,0.076579766,0.12795472,copperbrilly,,
33,0.101735662,0.170662954,0.427904514,0.29969687,anklefuvet,,
34,0.086123987,0.368563996,0.227633549,0.317678468,koolkapel,,
35,0.133865035,0.105949478,0.130746288,0.629439199,nationalyuity,,
36,0.480953727,0.243425997,0.207927684,0.067692592,copperbrilly,,
37,0.234894215,0.132504338,0.114644726,0.517956721,nationalyuity,,
38,0.124630035,0.337370284,0.469332389,0.068667292,koolkapel,,
39,0.115535024,0.239289227,0.56431473,0.080861019,anklefuvet,,
40,0.211387388,0.331940667,0.36578739,0.090884556,anklefuvet,,
41,0.195629961,0.104878657,0.127971396,0.571519985,nationalyuity,,
42,0.154239516,0.48276028,0.281296957,0.081703247,koolkapel,,
43,0.130375245,0.274341812,0.519968625,0.075314318,anklefuvet,,
44,0.476923028,0.09920844,0.319365283,0.104503249,anklefuvet,,
45,0.436552946,0.326111608,0.158346104,0.078989342,copperbrilly,,
46,0.325438461,0.224006485,0.114801945,0.335753108,nationalyuity,,
47,0.124420412,0.115329991,0.632872282,0.127377315,anklefuvet,,
48,0.175097434,0.589125161,0.071358327,0.164419079,koolkapel,,
49,0.18610059,0.467137964,0.158951985,0.187809461,koolkapel,,
50,0.272192196,0.092695587,0.230044709,0.405067508,anklefuvet,,
51,0.175551825,0.442550819,0.207014032,0.174883323,koolkapel,,
52,0.256710898,0.184550299,0.31507471,0.243664092,anklefuvet,,
53,0.448553342,0.089298584,0.188510509,0.273637565,nationalyuity,,
54,0.125575461,0.603583941,0.154045547,0.116795051,koolkapel,,
55,0.354923341,0.058593168,0.286067099,0.300416392,nationalyuity,,
56,0.178401515,0.168522,0.458428531,0.194647955,anklefuvet,,
57,0.270611238,0.254340087,0.083613439,0.391435236,koolkapel,,
58,0.39418588,0.171250519,0.269865305,0.164698297,anklefuvet,,
59,0.177030415,0.174988565,0.166560329,0.481420692,nationalyuity,,
60,0.137818166,0.398470489,0.122145266,0.341566079,koolkapel,,
61,0.366541468,0.099094537,0.235987301,0.298376694,nationalyuity,,
62,0.306898873,0.069241646,0.352485185,0.271374295,nationalyuity,,
63,0.207126834,0.444862099,0.188438885,0.159572182,koolkapel,,
64,0.245511444,0.111749268,0.257058874,0.385680413,nationalyuity,,
65,0.444481379,0.184356802,0.218443464,0.152718355,copperbrilly,,
66,0.112379895,0.590320279,0.127242337,0.170057488,koolkapel,,
67,0.147898834,0.153907251,0.427488064,0.270705851,anklefuvet,,
68,0.09640648,0.200814059,0.317166888,0.385612573,nationalyuity,,
69,0.094070037,0.139766946,0.435686784,0.330476233,nationalyuity,,
70,0.044476267,0.01600017,0.05243066,0.887092902,copperbrilly,,
71,0.478638198,0.08492514,0.208101832,0.228334829,nationalyuity,,
72,0.222926414,0.111629951,0.076918477,0.588525158,koolkapel,,
